mouse2;mouse;applicaiton;day;group;kb1;yl2;kb18;yl27;yl31;yl32;yl44;yl45;i46;i48;i49;yl58;universal
A;1681;TRUE;0;water;25145275.44;115496.67;8249.76;30119882092;21284386688;16276780983;2.47245E+11;10988683360;5917554485;4.5019E+11;7185542948;18702211094;1.50806E+14
B;1682;TRUE;0;water;40467836.5;265611.68;18972.26;36521605839;33713710949;32784070073;2.6656E+11;14041371679;9209136350;6.0844E+11;20167515328;29843369343;1.21385E+14
C;1683;TRUE;0;water;93063434.54;201342.62;14381.62;44539863510;31912805014;11736836490;3.58821E+11;16495713092;15920448468;7.26128E+11;6.60404E+11;55915721448;1.69415E+14
D;1684;TRUE;0;water;22423762.67;119275.33;8519.67;14798661000;10632544000;5045346600;1.34355E+11;6491134033;6088153800;2.58572E+11;10649583333;18538794667;5.89305E+13
E;1685;TRUE;0;water;105916163.5;204923.48;14637.39;58813038261;22204922609;20960744348;1.64817E+11;14224616870;7252827391;5.47438E+11;18047903478;40940783478;1.03955E+14
A;1686;TRUE;0;Ciprofloxacin;58520384.27;149150.81;10653.63;21456408871;13956254032;3523155121;2.2916E+11;7647174919;12592589516;3.00326E+11;33292590726;35508545565;5.79451E+13
B;1687;TRUE;0;Ciprofloxacin;36561379.06;155864.59;11133.18;19883868151;14462007127;4319675724;1.84811E+11;7434740846;12157437862;3.16405E+11;15040932739;28823815590;6.47395E+13
C;1688;TRUE;0;Ciprofloxacin;75281827.34;264146.76;18867.63;48376592806;19641198561;18599705612;2.24147E+11;12113015827;17503496547;5.25086E+11;25169412950;40263513669;1.1313E+14
D;1689;TRUE;0;Ciprofloxacin;48226128.31;216468.67;15462.05;47483950000;17920513855;16003219880;2.25127E+11;8573705723;12069674819;4.31546E+11;5407078253;24182643373;8.33095E+13
E;1690;TRUE;0;Ciprofloxacin;32238305.88;185582.35;13255.88;28659217647;10000237647;6783035000;1.05185E+11;7111780882;5286445882;2.33304E+11;7082617941;13308905882;3.94097E+13
A;1691;TRUE;0;Tetracyclin;38272199.64;135237.45;9659.82;32283112364;8508367855;2187948818;1.19299E+11;8203117600;7393624836;2.30966E+11;15281832364;15552307273;3.72772E+13
B;1692;TRUE;0;Tetracyclin;59379994.86;209558.84;14968.49;44980308682;11706855048;6178992154;2.2318E+11;9368777106;11397007331;3.28858E+11;16300684244;23620275241;6.14456E+13
C;1693;TRUE;0;Tetracyclin;91980684.92;219524.31;15680.31;31078369846;22563962769;5152549108;3.70526E+11;14466651877;17530584000;5.41441E+11;2.12311E+11;37507296000;9.56812E+13
D;1694;TRUE;0;Tetracyclin;59203766.04;259747.01;18553.36;34193839179;12718327052;7287759104;2.42863E+11;9491898060;11454843358;3.92032E+11;10590256866;28980345522;8.3119E+13
E;1695;TRUE;0;Tetracyclin;52633764.37;166149.43;11867.82;23486408046;13707327586;5117402299;1.98193E+11;9088373563;9910813218;3.81788E+11;19332672414;25871839080;8.61959E+13
A;1696;TRUE;0;Vancomycin;41097151.87;162301.87;11592.99;15615758411;8622866449;2950416122;1.41666E+11;7652533131;7877437150;1.9511E+11;22919342523;18479227103;4.15957E+13
B;1697;TRUE;0;Vancomycin;77573925.73;226115.96;16151.14;26116393485;15056092769;3852046906;2.45013E+11;14545716743;15577774593;3.94734E+11;43139695114;36856901629;7.84784E+13
C;1698;TRUE;0;Vancomycin;63612120;283080;20220;41451000000;12738600000;3558720000;1.71405E+11;11102802000;10534620000;2.91977E+11;19053306000;27620520000;5.30775E+13
D;1699;TRUE;0;Vancomycin;30829560.12;98317.5;7022.68;11812145814;8090126027;1937557093;1.21703E+11;6729130868;6422942070;1.88278E+11;14789761644;14698466819;3.3147E+13
E;1700;TRUE;0;Vancomycin;81442612.16;244782.43;17484.46;26926067568;14749890000;4170043581;1.95301E+11;8946797905;12307311014;3.39898E+11;18760825000;32695939189;6.79271E+13
A;1681;TRUE;4;water;54670427.27;136627.27;9759.09;18864322727;11320545455;4759508636;2.22702E+11;8460155909;8908098182;2.99702E+11;24348931818;26144604545;5.19476E+13
B;1682;TRUE;4;water;47761239.05;228055.03;16289.64;33051689645;14110090473;8257221036;1.95964E+11;8420117485;8763828994;3.89323E+11;16859782544;28376561538;7.34337E+13
C;1683;TRUE;4;water;63017519.88;222004.35;15857.45;28717848137;20884266149;14677658882;2.25017E+11;15186683137;11005072671;5.69124E+11;30367023292;36186708696;1.0994E+14
D;1684;TRUE;4;water;68589055.66;223469.11;15962.08;42187776147;20782627523;9130309480;2.57149E+11;13366645382;13746542875;5.17012E+11;8750411988;38468611621;8.91323E+13
E;1685;TRUE;4;water;40791341.2;311214.59;22229.61;56352070815;19066339700;20375663949;1.66522E+11;10412351073;8129369742;4.61931E+11;12157375751;29298630901;8.57174E+13
A;1686;TRUE;4;Ciprofloxacin;242098.12;135574.95;9683.92;13538126931;9993810438;5103428392;1.20662E+11;3808687641;2764760543;1.73923E+11;5453018079;13402551983;3.4436E+13
B;1687;TRUE;4;Ciprofloxacin;4337162.23;189277.65;13519.83;24416817318;14763656983;4256043240;1.88602E+11;6868074860;3598979385;3.649E+11;8426911536;17765059777;7.47241E+13
C;1688;TRUE;4;Ciprofloxacin;262039.34;146742.03;10481.57;20449549896;10513018219;3733536480;2.18226E+11;7504806625;6362315114;3.156E+11;8136845507;28363137888;6.45665E+13
D;1689;TRUE;4;Ciprofloxacin;488798.83;273727.34;19551.95;42329978516;20412239063;6790393320;3.46265E+11;12096793398;9940212969;5.22624E+11;11705754336;45634258594;9.59805E+13
E;1690;TRUE;4;Ciprofloxacin;226022.94;126572.85;9040.92;24338150669;10794855832;2999776520;1.54057E+11;5477892084;3236648566;2.03421E+11;5428167036;17928139962;3.68598E+13
A;1691;TRUE;4;Tetracyclin;9737133.87;175263.4;12518.81;20393148711;23961010.82;1900356.03;29919966495;25037.63;152604347.9;3.66175E+11;815100007.7;436405871.1;4.08239E+13
B;1692;TRUE;4;Tetracyclin;9124604.41;178314.44;12736.75;15678933596;33217432.02;7817814.33;70026626247;197419.55;131315845.1;3.7739E+11;3903812467;420312598.4;4.75463E+13
C;1693;TRUE;4;Tetracyclin;10383288.26;248701.52;17764.39;24497099242;26913056.82;8095234.32;56188778030;35528.79;239641674.2;4.29721E+11;2142385909;827287825.8;4.68625E+13
D;1694;TRUE;4;Tetracyclin;1161848.87;80048.64;5717.76;8925423643;1154987.56;2315692.87;9337102376;11435.52;59178817.87;1.8274E+11;892542364.3;236257850.7;2.03552E+13
E;1695;TRUE;4;Tetracyclin;4976251.14;188138.04;13438.43;25694280784;6114486.27;1568264.94;43150803137;26876.86;122074710.6;4.30164E+11;1121302714;467119874.5;3.31929E+13
A;1696;TRUE;4;Vancomycin;5441004;212184;15156;1432242;5171227.2;84479544;1.8945E+11;27826416000;214154280;4.52407E+11;4.71655E+11;859496760;6.44736E+13
B;1697;TRUE;4;Vancomycin;838370.08;260710.38;18622.17;891443.27;1179900.68;18678036.32;92887383019;4499116226;73427215.57;3.04845E+11;38156825943;187897693.4;3.97956E+13
C;1698;TRUE;4;Vancomycin;2597901.92;94029.54;6716.4;546244.48;3630211.96;36711819.79;36604357459;2679170310;46974472.67;1.31171E+11;19974561300;286319955.7;1.40238E+13
D;1699;TRUE;4;Vancomycin;1231187.3;120199.6;8585.69;1634714.52;2562827.12;29740814.52;44980406250;2759439315;88604274.19;1.90774E+11;18914265121;236020494;2.10607E+13
E;1700;TRUE;4;Vancomycin;2532475.16;155230.53;11087.89;1160902.58;1505736.11;12728903.16;75907727368;2214252579;78302712.63;1.61883E+11;33319123684;497402957.9;2.22756E+13
A;1681;FALSE;9;water;9478976.69;285880.38;20420.03;38736791866;12006976077;5129510868;2.3626E+11;8466143336;973218503.1;3.93494E+11;1779401183;5205064969;6.08517E+13
B;1682;FALSE;9;water;30223661.3;331867.65;23704.83;83346190684;51249847627;30911101437;3.79277E+11;21950674793;7794148890;1.02618E+12;9503267305;24581911189;1.51687E+14
C;1683;FALSE;9;water;15944685.62;192934.83;13781.06;29601715402;10782300805;3744313815;1.81634E+11;9361473590;2472322041;3.18894E+11;5891402856;8739947815;3.83251E+13
D;1684;FALSE;9;water;31220297.48;531797.26;37985.52;67614222561;29081712805;5568676982;4.4671E+11;14293950534;3859328659;6.72724E+11;4087241768;12531422485;9.51157E+13
E;1685;FALSE;9;water;15659463.14;332170.43;23726.46;41639936089;16978654282;15733015168;1.64448E+11;6826102343;1542931649;3.95046E+11;1321326519;7768042778;5.38591E+13
A;1686;FALSE;9;Ciprofloxacin;24788550.72;157031.54;11216.54;37093093777;12338192668;4332948934;1.88662E+11;12192377664;4468669054;3.01949E+11;6825263853;13157000000;8.06693E+13
B;1687;FALSE;9;Ciprofloxacin;30534319.21;175773.22;12555.23;34162780658;8432092426;3816789901;1.45515E+11;8183498873;2307651262;2.2725E+11;8222420086;9611028517;5.42637E+13
C;1688;FALSE;9;Ciprofloxacin;74984996.97;225518.79;16108.48;36211873939;10499510424;6451448182;2.08605E+11;8878996848;5054842545;3.61152E+11;13063981212;17155536364;7.10706E+13
D;1689;FALSE;9;Ciprofloxacin;76033536.4;193751.28;13839.38;43248052646;11946150094;5346151276;1.96519E+11;6399327854;4474270535;2.86613E+11;7495406500;16787164115;5.77379E+13
E;1690;FALSE;9;Ciprofloxacin;43694889.09;147582.26;10541.59;33638212569;7416008318;4023724769;1.31454E+11;5809470055;2787196303;2.66281E+11;3791809797;11701164510;4.88181E+13
A;1691;FALSE;9;Tetracyclin;145510917.1;199135.17;14223.94;2645653.04;398270349.9;1051718203;37224053775;181213009.2;6641158085;90549608840;7837391529;16755802578;1.79506E+13
B;1692;FALSE;9;Tetracyclin;177273458.8;147903.96;10564.57;52157274.5;4270198572;3437710578;1.37973E+11;1427273199;8067104478;2.81968E+11;5526325762;19385983128;4.36739E+13
C;1693;FALSE;9;Tetracyclin;71985990.03;174602.19;12471.59;16387663.01;3180254237;1884456530;71225223330;1741033300;3262566700;1.75849E+11;2026632602;10068310768;2.86722E+13
D;1694;FALSE;9;Tetracyclin;205900527.7;296442.55;21174.47;8495196.6;4383114894;3701297021;1.24167E+11;1310911319;10915438298;3.43238E+11;7402594043;21259165957;5.72346E+13
E;1695;FALSE;9;Tetracyclin;176644894.5;210649.79;15046.41;4137763.71;3913572152;3063449789;1.49245E+11;582296202.5;8383861603;2.78509E+11;4718555274;21501324895;4.68696E+13
A;1696;FALSE;9;Vancomycin;960498.45;154936.95;11066.93;22277720.66;9797548982;44987.05;39796663434;229085354;17397206596;31109127061;13158574200;18437497575;1.03631E+13
B;1697;FALSE;9;Vancomycin;234030.84;100596.61;7185.47;588202.78;5276292454;36301.01;31558595205;132571967.6;7501633286;35431564880;3708422355;8069285614;6.58477E+12
C;1698;FALSE;9;Vancomycin;189896.19;106341.86;7595.85;10975999.52;5709798503;33421.73;26555082569;98518140.99;4561306374;22711583776;3149997924;7618634959;5.35051E+12
D;1699;FALSE;9;Vancomycin;943748.33;187597.28;13399.81;3667526.88;13788400291;57029.57;77370479379;665434362;10737264483;73229939350;5327762834;15369577390;1.68436E+13
E;1700;FALSE;9;Vancomycin;3705685.92;171729.9;12266.42;3051885654;21834230163;55922.62;1.04068E+11;1410638466;12044399212;2.18097E+11;4415911718;10384752391;3.77192E+13
A;1681;TRUE;14;water;111195914.8;229168.67;16369.19;34653577453;24619263339;21001672117;2.2835E+11;13697739071;10320774957;5.21359E+11;36847049053;54067438038;1.14617E+14
C;1683;TRUE;14;water;39771588.73;380849.69;27203.55;58596444676;10840614301;3517418894;2.75572E+11;9173036743;2304956712;4.48859E+11;19398850835;14893943111;7.75301E+13
D;1684;TRUE;14;water;21060196.72;208222.28;14873.02;47638283968;14464012226;9609458405;1.76543E+11;9016024896;1575052848;3.76882E+11;2510565824;9135009058;6.10686E+13
E;1685;TRUE;14;water;740487.9;204473.98;14605.28;3790071202;1351134824;1841726314;13902769855;696233889;66001278.47;39594924967;89428154.03;531486285.3;6.04513E+12
A;1686;TRUE;14;Ciprofloxacin;89588080.93;185263.39;13233.1;34816283741;16475208384;5916518609;2.02863E+11;9763380519;5048427308;2.31579E+11;17997014781;18208744366;4.51778E+13
B;1687;TRUE;14;Ciprofloxacin;77473810.78;176048.26;12574.88;44162964366;13027571493;4393661660;2.81803E+11;9587085431;4298092603;2.73629E+11;11849305616;16686860397;5.62851E+13
C;1688;TRUE;14;Ciprofloxacin;40752601.91;173047.14;12360.51;34967883170;9443429743;3661183102;1.48079E+11;8078829424;2364565589;2.31142E+11;5143208267;10947703826;4.08515E+13
D;1689;TRUE;14;Ciprofloxacin;105139820.5;155237.03;11088.36;26101997195;15423907433;6650797756;2.24539E+11;9027033100;6946856943;3.7767E+11;2747695372;22320866760;5.91897E+13
E;1690;TRUE;14;Ciprofloxacin;166080033.5;215688.36;15406.31;40949974867;23987626361;10083430606;3.01656E+11;13301808992;7398110584;4.63884E+11;7333404077;28902239598;7.56758E+13
A;1691;TRUE;14;Tetracyclin;112994362.7;277822.46;19844.46;69197636571;25242154780;7590506449;3.31006E+11;11863018968;10196084219;4.50866E+11;3782354325;35819252656;9.49359E+13
B;1692;TRUE;14;Tetracyclin;118574103.1;291234.64;20802.47;47096801649;15112997526;4913544412;2.09689E+11;8805687340;8526934186;2.7272E+11;12138243711;26835191753;6.09512E+13
C;1693;TRUE;14;Tetracyclin;97657493.65;204487.72;14606.27;38881879763;20156646909;6258784928;2.21577E+11;7224259102;10066638442;2.98406E+11;10339775614;27956392887;5.99441E+13
D;1694;TRUE;14;Tetracyclin;60880971.64;136789.22;9770.66;32653539916;23713387605;6477946429;3.14908E+11;9713988445;9457997199;4.61761E+11;12701855742;25266922269;6.74078E+13
E;1695;TRUE;14;Tetracyclin;129364858.6;365069.14;26076.37;47902286894;10399255315;3757604541;2.25456E+11;7249230134;7233584314;3.04572E+11;2248043633;22576918885;5.96627E+13
A;1696;TRUE;14;Vancomycin;357199.58;200031.77;14287.98;9344341025;21174791130;983870524.4;1.37765E+11;6648198592;6885379113;1.826E+11;8277028678;18188602637;3.00048E+13
B;1697;TRUE;14;Vancomycin;589416.06;330072.99;23576.64;1575862774;14612802920;4847357664;1.54969E+11;5997897810;3067321168;2.17542E+11;2558065693;11566700730;3.60487E+13
C;1698;TRUE;14;Vancomycin;405039.27;226821.99;16201.57;574993743.5;15402833246;964641518.3;1.39739E+11;5210425131;3860834293;1.85022E+11;1313623351;6752814660;2.56471E+13
D;1699;TRUE;14;Vancomycin;476722.07;266964.36;19068.88;1208967161;20632531037;2217711053;1.31938E+11;5465141770;8235850421;2.14716E+11;5301149379;23969585503;3.54872E+13
E;1700;TRUE;14;Vancomycin;420345.6;235393.53;16813.82;5745283612;17553632107;908282764.8;1.20168E+11;6922251282;4665836120;1.86129E+11;1657843032;19621732441;2.98109E+13
A;1681;TRUE;18;water;58458030.36;133335.36;9523.95;23638454116;16181198043;5117220547;2.25813E+11;8193457726;4083871525;3.82577E+11;10695400472;20124115047;6.44391E+13
C;1683;TRUE;18;water;52849572.8;273326.2;19523.3;37426165886;11551936544;5528998528;1.70282E+11;9052954158;3229153802;3.62548E+11;14162201739;16858369454;5.30448E+13
D;1684;TRUE;18;water;45579533.86;668461.63;47747.26;56007535323;29020784287;31871295676;2.65188E+11;17661711267;1447219434;6.40291E+11;2729233350;14997414190;1.40043E+14
E;1685;TRUE;18;water;27935847.37;292303.34;20878.81;67146251980;28374302376;27685301656;2.37392E+11;18747083225;1939223844;7.15308E+11;2668311879;13381229134;1.31641E+14
A;1686;TRUE;18;Ciprofloxacin;5055840.51;230860.3;16490.02;33639643312;10237005180;4234637452;2.77527E+11;14408980552;4038406200;2.70766E+11;3149594055;16852801699;4.98328E+13
B;1687;TRUE;18;Ciprofloxacin;13035459.32;337331.66;24095.12;45708440551;17167772215;5214183730;3.05526E+11;15310038548;3156460576;3.56367E+11;6071969962;16242519650;5.62139E+13
C;1688;TRUE;18;Ciprofloxacin;2510395.97;321551.18;22967.94;45315747941;10565252941;13512039794;3.49113E+11;14506551647;2071019256;3.0823E+11;1096948871;9267564265;6.50222E+13
D;1689;TRUE;18;Ciprofloxacin;28631575.65;550229.32;39302.09;57381057592;17457990262;4169952199;3.37644E+11;15186329215;9837314188;3.63898E+11;2457559953;64298226178;6.30799E+13
E;1690;TRUE;18;Ciprofloxacin;2661505.99;362461.9;25890.14;31922537755;2332183456;7451181156;1.92286E+11;13512062007;1021106966;2.72105E+11;341231993.2;6501013163;4.17608E+13
A;1691;TRUE;18;Tetracyclin;1847287465;486952.07;34782.29;98155624695;141807399.7;18998087.25;7.88862E+11;572864329.8;98538229.89;2.65737E+12;377735678.3;1252858115;2.41354E+14
B;1692;TRUE;18;Tetracyclin;2827454114;436720.63;31194.33;30086931742;47758519.96;4716582.77;3.03802E+11;475401596.4;177121408.4;6.36364E+11;370276702.7;735874255.9;7.23085E+13
C;1693;TRUE;18;Tetracyclin;405255715.8;388867.72;27776.27;27970699510;72107185.63;5130276.27;95272591181;55552.53;63607648.34;5.17472E+11;490251088.7;561080566.1;5.29693E+13
D;1694;TRUE;18;Tetracyclin;2133260184;304254.71;21732.48;50484549783;24992351.38;3405479.53;3.8749E+11;1050765.38;168426715.8;9.66009E+11;447037102.5;867560580;1.2231E+14
E;1695;TRUE;18;Tetracyclin;1078556747;523934.58;37423.9;54227228532;18045803.73;1882422.08;2.22784E+11;109652.02;84802553.38;8.64492E+11;193518977.7;653047024.1;1.78774E+14
A;1696;TRUE;18;Vancomycin;807761.69;452346.55;32310.47;335705.76;58158841.87;28384745.88;1.59452E+11;2054299537;22365305.75;2.77095E+11;3017151474;203362083.7;4.88857E+13
B;1697;TRUE;18;Vancomycin;723070.43;212623.11;15187.36;147864.18;39183400.91;20123258.22;81404274749;1388277006;8837527.51;1.92576E+11;2326704271;226899228.5;2.59096E+13
C;1698;TRUE;18;Vancomycin;579362.79;324443.16;23174.51;241710.16;31007496.64;39049052.19;1.02709E+11;1166604918;11969635.29;2.02105E+11;2164731137;134342644.3;2.62799E+13
D;1699;TRUE;18;Vancomycin;467340.85;261710.88;18693.63;265636.54;97150815.65;20002188.33;1.46483E+11;1797579841;13509889.26;2.22454E+11;3056409151;200769628.7;3.00968E+13
E;1700;TRUE;18;Vancomycin;620623.99;347549.43;24824.96;532991.88;126731418.2;25569708.27;1.45772E+11;1784418088;31502873.58;2.53215E+11;2354399157;355989919;3.17511E+13
A;1681;FALSE;23;water;10026146.17;284718.15;20337.01;19135093161;5541835356;2936664313;96417766685;4185356757;1351394346;1.46813E+11;1985502333;6029923607;2.414E+13
C;1683;FALSE;23;water;23864814.52;226975.14;16212.51;41098712510;13227786800;4944815509;1.74933E+11;9403255722;2118975039;3.16306E+11;1927667423;10651618982;5.54792E+13
D;1684;FALSE;23;water;33199309.2;349203.85;24943.13;47541610317;12386759540;3781378869;1.9069E+11;9216487415;2748733188;3.42469E+11;1441713052;11256835643;6.0986E+13
E;1685;FALSE;23;water;10985919.21;149323.17;10665.94;35090945815;23294415094;21907842767;2.44357E+11;10836596033;1373773198;4.63968E+11;1000785242;9310299879;8.46769E+13
A;1686;FALSE;23;Ciprofloxacin;82314704.35;648512.02;46322.29;46785510071;7601487329;3574227680;2.3138E+11;12831273554;7119735543;2.82983E+11;7003929825;21794636127;5.10935E+13
B;1687;FALSE;23;Ciprofloxacin;36401930.45;323367.4;23097.67;27255252495;4450921318;2061467191;1.57942E+11;8855647294;2776340127;1.68959E+11;4055951134;13870151799;3.12973E+13
C;1688;FALSE;23;Ciprofloxacin;74507644.51;326276.83;23305.49;25705953049;5437170305;3905999756;1.26176E+11;7096521037;2836277866;1.82202E+11;1493648713;9401433780;3.89901E+13
D;1689;FALSE;23;Ciprofloxacin;37259674.28;439456.98;31389.78;30065135661;6714274919;3685160708;1.25214E+11;5643883266;2426116449;1.73868E+11;685238997.2;9887782139;3.81386E+13
E;1690;FALSE;23;Ciprofloxacin;83843880.73;441449.54;31532.11;26032910092;5142887156;3550515596;95605357798;6624896330;1686337248;1.7349E+11;630642201.8;6442010092;3.05136E+13
A;1691;FALSE;23;Tetracyclin;170271745.5;291775.33;20841.09;4480835407;83364.38;601057177.4;80279897618;195822927.8;6429477782;79112796303;1282352570;18873695556;2.0516E+13
B;1692;FALSE;23;Tetracyclin;106935754.7;239843.09;17131.65;11205811780;163264617.4;1312798283;81786493563;689720199.2;4688932402;1.31006E+11;808271212.1;14738357858;2.03867E+13
C;1693;FALSE;23;Tetracyclin;301805653.8;383071.55;27362.25;23400199013;109449.01;653957853.6;1.2313E+11;2715977262;14414435033;1.55336E+11;2231939001;25589179276;2.82926E+13
D;1694;FALSE;23;Tetracyclin;321972590.1;288395.15;20599.65;4430985549;82398.62;1427968007;91956854918;624169512.6;11682063715;1.75571E+11;3223845832;37697366599;3.04463E+13
E;1695;FALSE;23;Tetracyclin;416498347.8;430013.04;30715.22;13290474565;122860.87;5995610435;1.25134E+11;1039710109;13741988261;2.16665E+11;4450635000;46932852174;4.55507E+13
A;1696;FALSE;23;Vancomycin;252613.53;141463.57;10104.54;80836.33;4975476019;102965.27;58778115362;5169483208;2955578261;92022055459;494819375.9;3586101623;1.38432E+13
B;1697;FALSE;23;Vancomycin;392568.97;219838.62;15702.76;125622.07;8780982621;99602.6;95504177931;6885659655;5990602414;1.1529E+11;2382108483;9768686138;1.9597E+13
C;1698;FALSE;23;Vancomycin;490025.28;274414.16;19601.01;156808.09;11697883590;64663.74;1.46694E+11;15576923742;20992683186;1.8325E+11;9802465790;40632896587;3.63403E+13
D;1699;FALSE;23;Vancomycin;505829.6;283264.57;20233.18;161865.47;7678493274;208199.46;1.18809E+11;8866181166;15021115695;1.24212E+11;6585901345;28609721973;2.54533E+13
E;1700;FALSE;23;Vancomycin;535496.18;299877.86;21419.85;171358.78;9084157252;87928.47;1.47369E+11;11969410687;14400563359;1.48354E+11;6156064122;20762258015;3.43789E+13
A;1681;FALSE;30;water;23609032.68;152316.34;10879.74;27482219608;9024743137;4972040523;1.29142E+11;4981832288;2157452157;1.73314E+11;1711382876;7999871765;4.46722E+13
C;1683;FALSE;30;water;44729361.89;213069.43;15219.25;43268314340;16223715472;5765050113;1.90393E+11;6973458189;3027107887;3.3878E+11;2252448302;13606005283;7.1774E+13
D;1684;FALSE;30;water;27405650.96;307928.66;21994.9;27757569427;4937856051;3336627006;1.65908E+11;5006040255;1686129376;1.95249E+11;1133617376;6396118217;3.8975E+13
E;1685;FALSE;30;water;49547169.14;456055.47;32575.39;79451377734;28125592266;28532784648;2.32132E+11;10486018242;4016545664;5.70069E+11;3625640977;20994839258;1.3952E+14
A;1686;FALSE;30;Ciprofloxacin;70551506.9;439768.97;31412.07;51704265517;11609900690;3813425172;2.54878E+11;6527427931;5035354655;2.34742E+11;2657146914;16616984483;5.50968E+13
B;1687;FALSE;30;Ciprofloxacin;70808612.7;268577.78;19184.13;37562520635;9718678730;5720706667;1.48946E+11;8256848254;4162955556;2.25605E+11;3656494603;16147279683;4.89771E+13
C;1688;FALSE;30;Ciprofloxacin;70010577.68;229973.74;16426.7;39769030635;10399741138;5059422319;1.89564E+11;8430180306;3255771116;2.90588E+11;2468932385;13253058206;6.12387E+13
D;1689;FALSE;30;Ciprofloxacin;47577767.48;160735.7;11481.12;34098930841;9243450916;4103352822;1.58554E+11;5972479402;2687730542;2.22504E+11;433756770.1;9382372486;5.03792E+13
E;1690;FALSE;30;Ciprofloxacin;185204652.6;495010.53;35357.89;51976105263;12516694737;4773315789;2.25301E+11;9974462105;6191167368;3.29642E+11;1492456737;22717447368;6.40685E+13
A;1691;FALSE;30;Tetracyclin;73361409.98;200167.56;14297.68;31798046346;12683474332;9149087166;1.61421E+11;9516537611;5616129768;2.57787E+11;2464920499;15655962567;5.16718E+13
B;1692;FALSE;30;Tetracyclin;291991225.9;368609.3;26329.24;56739503322;23693679369;10884506113;2.45046E+11;19610014884;26102804452;4.04154E+11;10737062392;1.01526E+11;9.95245E+13
C;1693;FALSE;30;Tetracyclin;94360328.16;448115.53;32008.25;38601952427;15965716311;7342693107;2.44863E+11;8821474369;6049559709;3.02702E+11;3232833495;22082493350;6.69933E+13
D;1694;FALSE;30;Tetracyclin;69721573.13;225271.64;16090.83;42576340299;16460920682;11887906354;2.06928E+11;15201008571;7030084307;2.93014E+11;2840031770;21175534328;6.93032E+13
E;1695;FALSE;30;Tetracyclin;153906787.1;283251.61;20232.26;46837677419;15558606452;5711566452;3.25335E+11;17976361290;10182895484;3.73285E+11;258770580.7;26949367742;6.44195E+13
A;1696;FALSE;30;Vancomycin;47901857.55;272501.42;19464.39;155715.1;4788239316;1291851396;1.95033E+11;6485533903;4397005128;1.51336E+11;1597052991;11916098006;1.628E+13
B;1697;FALSE;30;Vancomycin;25912693.45;206593.23;14756.66;118053.27;8184043160;2111677923;1.55092E+11;3022163792;4226307178;1.36174E+11;3602100497;9758578691;2.35959E+13
C;1698;FALSE;30;Vancomycin;28841763.73;253315.37;18093.95;144751.64;6274983476;2124230277;1.64239E+11;5665217204;3092256851;1.61796E+11;2297932242;8527680831;2.18394E+13
D;1699;FALSE;30;Vancomycin;27769700.81;170740.37;12195.74;97565.92;4801462982;2779409229;1.32446E+11;3819705882;2597692698;1.1275E+11;3025763185;7046698783;1.96351E+13
E;1700;FALSE;30;Vancomycin;76496431.05;295597.58;21114.11;168912.9;9457011169;3726640927;1.89541E+11;6693173790;4655661895;1.70686E+11;1709820863;16198747419;3.00243E+13
A;1681;FALSE;37;water;105577363.8;277209.88;19800.71;31582125882;8294515694;3817576094;1.76682E+11;8367778306;4568022847;2.2157E+11;4041324071;17860236706;4.18587E+13
C;1683;FALSE;37;water;51505478.11;310273.96;22162.43;20101320414;6161154438;2965332604;1.27212E+11;5593796331;2573057663;2.02764E+11;4159887367;11296188550;2.88333E+13
D;1684;FALSE;37;water;55917423.53;331713.53;23693.82;24286169118;15282516176;6954137206;2.7011E+11;13275649324;7266895676;4.72218E+11;4134572206;28408894412;1.14725E+14
E;1685;FALSE;37;water;34479015.71;297599.4;21257.1;28718341692;11325782719;3428770181;1.66804E+11;7446362024;3924060604;2.91435E+11;1672933746;19571411692;4.87213E+13
A;1686;FALSE;37;Ciprofloxacin;44541243.78;257676.62;18405.47;20246019901;10439584080;3456547761;2.18289E+11;9057333085;4402589055;2.90438E+11;1774103507;15883922886;5.58054E+13
B;1687;FALSE;37;Ciprofloxacin;87072183.13;314827.11;22487.65;30808081325;13180012018;9602226807;2.89416E+11;13537565663;7598577139;4.34686E+11;3150519849;31640124398;8.6465E+13
C;1688;FALSE;37;Ciprofloxacin;51542413.79;379786.21;27127.59;26085886897;14724853793;8770348621;2.34654E+11;15837084828;6700513793;3.91451E+11;3106108621;28673858621;7.48179E+13
D;1689;FALSE;37;Ciprofloxacin;57442256.12;397720.86;28408.63;36902814388;6477168345;5380595108;2.29059E+11;11465724317;7062386187;3.66187E+11;699988719.4;27786484029;7.61351E+13
E;1690;FALSE;37;Ciprofloxacin;190113275.4;507936.23;36281.16;27998170725;13677997101;4005440000;3.13687E+11;15404980290;8489791304;4.29569E+11;1325713565;32961433333;7.14376E+13
A;1691;FALSE;37;Tetracyclin;57776884;388696;27764;36176492000;15853244000;4428358000;2.95409E+11;15198013600;5633315600;4.22846E+11;931759840;19637477200;6.76053E+13
B;1692;FALSE;37;Tetracyclin;42420538.46;385641.26;27545.8;24807751259;15659789685;5376940979;2.50364E+11;13255040979;5555988706;3.23663E+11;1124970643;15183247273;5.50916E+13
C;1693;FALSE;37;Tetracyclin;100354868.3;333404.88;23814.63;32697492683;20487729756;7849303415;2.72916E+11;10428428293;10914246829;5.07966E+11;2283108976;31602019512;9.03289E+13
D;1694;FALSE;37;Tetracyclin;47381224.68;365072.73;26076.62;36429042857;8863444286;3559459091;2.81628E+11;18060669351;5627335325;4.04448E+11;735621545.5;19359285195;6.63389E+13
E;1695;FALSE;37;Tetracyclin;72750297.81;348683.39;24905.96;38878197492;8856557994;3170528213;2.5429E+11;15765470219;7529070533;3.442E+11;855519592.5;25553510972;5.86535E+13
A;1696;FALSE;37;Vancomycin;59984802.91;385931.64;27566.55;220532.36;14874907927;7859222109;3.69116E+11;12528994909;10629659927;3.86207E+11;2205323636;21750004364;7.86474E+13
B;1697;FALSE;37;Vancomycin;52758895.19;292293.05;20878.07;167024.6;11482941176;5346874973;2.02705E+11;8833513476;6394954332;2.91458E+11;1514913112;14121929840;6.03376E+13
C;1698;FALSE;37;Vancomycin;45493384.31;236416.99;16886.93;135095.42;7843978105;5442656928;2.01123E+11;7700439216;6221144314;2.50264E+11;2747503203;15893976732;5.19273E+13
D;1699;FALSE;37;Vancomycin;45850064.69;385757.76;27554.13;220433;18450242376;13743997756;2.52864E+11;14143532574;7511254587;4.43621E+11;3075040396;17361854422;7.69587E+13
E;1700;FALSE;37;Vancomycin;61643820.28;261677.83;18691.27;149530.19;8267150307;4545717736;2.05978E+11;7369969175;4598053302;2.36258E+11;1022786491;14992270542;4.62796E+13
A;1681;FALSE;44;water;32738597.37;273963.16;19568.8;21662658271;17355566053;9792226015;2.33064E+11;12030896391;5128981692;4.21708E+11;2692666466;23815225940;8.93707E+13
C;1683;FALSE;44;water;25335099.03;229128.8;16366.34;17381056311;12502249450;4247066019;2.07525E+11;8373021100;3220896311;3.93611E+11;3035956634;15364722848;6.6791E+13
D;1684;FALSE;44;water;26900479.81;172281.21;12305.8;20587604176;15652978190;5357945522;2.20397E+11;10949701253;3091217077;4.40178E+11;1327795870;14643902552;7.04507E+13
E;1685;FALSE;44;water;24774074.6;269912.1;19279.44;18897702661;15120861250;5712496734;1.88476E+11;9105677379;3225449556;4.12773E+11;1570695609;15280880565;6.54922E+13
A;1686;FALSE;44;Ciprofloxacin;175126407.8;177922.33;12708.74;27781300971;18643718447;7307524272;2.83786E+11;15148815534;9737434951;3.9969E+11;2973844660;29674902913;8.30008E+13
B;1687;FALSE;44;Ciprofloxacin;73664150;196700;14050;28844650000;9375565000;3362165000;2.24098E+11;12036635000;3253980000;2.40817E+11;1174580000;14232650000;4.42575E+13
C;1688;FALSE;44;Ciprofloxacin;114410325.4;214970.41;15355.03;42702337278;12397650888;4477526627;2.83761E+11;17550798817;6071378698;3.58233E+11;1839532544;20330059172;7.03721E+13
D;1689;FALSE;44;Ciprofloxacin;54563851.2;157829.32;11273.52;17609242888;9355896718;4908491904;2.25245E+11;14317374179;4323396061;3.13968E+11;456464945.3;15095247265;5.99977E+13
E;1690;FALSE;44;Ciprofloxacin;134760075.6;198865.93;14204.71;20369552909;11360926371;4622212355;2.15485E+11;9940455457;4446073961;3.23725E+11;665490623.3;16264391967;6.59383E+13
A;1691;FALSE;44;Tetracyclin;55510166.03;201227.95;14373.42;14675266575;16831280274;5865794603;2.06259E+11;9910476301;6340117616;3.43237E+11;1255518644;21071440548;5.96497E+13
B;1692;FALSE;44;Tetracyclin;59639917.53;252635.05;18045.36;17226101443;21275480412;12602880000;2.30439E+11;14075381443;7779355052;4.24427E+11;1729286928;20120577320;6.41513E+13
C;1693;FALSE;44;Tetracyclin;55779555.79;355607.37;25400.53;19880991947;16804988211;5788779947;2.82708E+11;11481037895;6124066895;4.19871E+11;1135403526;22855393579;7.14009E+13
D;1694;FALSE;44;Tetracyclin;51587082.69;201119.23;14365.66;16951478022;15227598901;4938913681;2.44934E+11;10636334176;5882737500;3.70203E+11;1370627558;19810244231;5.63996E+13
E;1695;FALSE;44;Tetracyclin;73973481.88;169165.1;12083.22;17955667114;20372311409;12324885906;2.52539E+11;14862362416;7408223087;5.71053E+11;520424349;19756067114;7.58826E+13
A;1696;FALSE;44;Vancomycin;68476398.77;168335.31;12023.95;7680899654;10377871778;5268895160;2.16672E+11;7809555926;6405158494;2.55028E+11;2179942247;19418680247;4.78673E+13
B;1697;FALSE;44;Vancomycin;191058454.6;230190.91;16442.21;10370100455;12843008506;4700827208;2.11447E+11;8607495779;8656822403;3.45286E+11;2767223571;27063874026;5.14477E+13
C;1698;FALSE;44;Vancomycin;59026693.69;168441.44;12031.53;10610607658;10283350000;5866574775;1.77706E+11;8441322523;7724243243;3.03916E+11;3041571171;23329139640;5.56699E+13
D;1699;FALSE;44;Vancomycin;46046809.32;263662.71;18833.05;2638510424;9013498136;4376801017;1.82417E+11;10685873051;5887211695;2.61591E+11;3363582881;16170057458;4.02086E+13
E;1700;FALSE;44;Vancomycin;115045741.5;293377.12;20955.51;14138681568;13296270127;6712049364;2.90234E+11;15385534322;8642051695;3.66721E+11;2745171610;23553991525;7.0201E+13
A;1681;TRUE;49;water;28366983.26;285916.32;20422.59;27162050209;10809679080;3667897908;1.9718E+11;11604117992;4686985356;3.21247E+11;3006205858;17146810042;5.21797E+13
C;1683;TRUE;49;water;42951017.49;238522.11;17037.29;23749987459;16379654191;3812946337;1.90477E+11;16096835116;5992016205;5.26793E+11;3552275743;27055222442;7.48108E+13
D;1684;TRUE;49;water;54038013.7;252177.4;18012.67;23218333219;18679140068;7570725719;2.31463E+11;14822627158;8202970479;5.03634E+11;4236580274;36980014041;6.83941E+13
E;1685;TRUE;49;water;51527593.22;198183.05;14155.93;21644420339;19068040678;7859373559;2.16303E+11;13779384407;6671690847;5.7827E+11;1738348475;27986277966;4.24961E+13
A;1686;TRUE;49;Ciprofloxacin;33647276.84;301383.16;21527.37;19447824632;7939293474;3224799789;1.98956E+11;8247134842;3728540211;2.33572E+11;1695710811;12903504632;3.64028E+13
B;1687;TRUE;49;Ciprofloxacin;53556242.31;180976.92;12926.92;15770846154;12477066154;4823035000;2.86978E+11;18007203846;7126612692;3.46571E+11;5890798846;25970188462;3.42822E+13
C;1688;TRUE;49;Ciprofloxacin;77085771.43;192165.38;13726.1;22126471429;16334057692;8422334286;2.73836E+11;20547970055;7930939945;4.55157E+11;2042443516;23677520604;5.33533E+13
D;1689;TRUE;49;Ciprofloxacin;73859817.66;150383.57;10741.68;14845006982;10008026776;3991609692;1.8046E+11;10752425462;6631915565;2.8444E+11;500455047.2;18529404517;3.57376E+13
E;1690;TRUE;49;Ciprofloxacin;72675979.52;124551.81;8896.56;17544011704;9154557831;3210767659;1.8834E+11;13994285198;6030976437;2.69833E+11;597581778;15862562306;3.62179E+13
A;1691;TRUE;49;Tetracyclin;80098019.58;182425.94;13030.42;27819956368;25018415094;17460768868;2.56178E+11;20809587972;9561725519;6.67158E+11;342309252.4;21852021934;7.60195E+13
B;1692;TRUE;49;Tetracyclin;80306626.97;413951.69;29567.98;53636311236;18166565393;22631330000;1.99732E+11;20534960393;8305644888;5.52626E+11;1598740545;24313747921;1.39768E+14
C;1693;TRUE;49;Tetracyclin;96605236.78;374854.02;26775.29;44714729885;12996724483;7965647989;2.23199E+11;13152021149;6677756667;4.30011E+11;542735074.7;18817671954;8.55203E+13
D;1694;TRUE;49;Tetracyclin;49496522.82;237149.66;16939.26;38469063423;16256609497;19039730201;1.83452E+11;17159472148;5493402584;4.51262E+11;857465429.5;17498257383;1.10986E+14
E;1695;TRUE;49;Tetracyclin;71433812.45;149554.86;10682.49;23736493385;15137088716;12434418677;1.93674E+11;14090204669;4860533074;4.0743E+11;633364848.3;13694952529;5.52178E+13
A;1696;TRUE;49;Vancomycin;37214394.46;218632.62;15616.62;31795428923;9776001231;3652726338;2.13167E+11;13161683446;3494998523;3.03587E+11;1249485397;10261677969;5.40491E+13
B;1697;TRUE;49;Vancomycin;125962004;535195.16;38228.23;52410897581;22730503065;13888314435;2.67865E+11;19159986774;10271924274;5.4437E+11;2549822661;26522743065;6.24649E+13
C;1698;TRUE;49;Vancomycin;71859426.82;168260.91;12018.64;26933764091;9677406000;5199262091;2.6465E+11;16092954091;5958839909;3.23301E+11;2022736500;16790035000;6.49607E+13
D;1699;TRUE;49;Vancomycin;46686209.39;212278.96;15162.78;26049661489;9000628091;3490472686;1.69975E+11;13359928252;4165216537;2.73688E+11;1959031586;12512328673;4.35324E+13
E;1700;TRUE;49;Vancomycin;97523030.65;258779.84;18484.27;26414027823;9303135202;5404801774;1.84843E+11;11828087056;5277260282;2.79482E+11;757670399.2;14820691048;5.25138E+13
A;1681;TRUE;53;water;87119881.01;178550.48;12753.61;29282278846;19755335337;20737362981;2.2982E+11;12141432692;8027119471;4.12324E+11;2707590505;25519965144;1.24322E+14
C;1683;TRUE;53;water;76514516.13;297556.45;21254.03;59723830645;17071238710;17360293548;2.44421E+11;18958596774;5137099597;3.73433E+11;2153033468;21186019355;9.7726E+13
D;1684;TRUE;53;water;81470834.2;168951.52;12067.97;45809996537;29494107359;22832590476;3.32231E+11;33331720346;8010715411;7.29991E+11;1975525931;23544600433;1.44936E+14
E;1685;TRUE;53;water;42658216.81;157868.1;11276.29;44191792672;26848853879;30051321121;2.51123E+11;28416258621;3895959267;7.58331E+11;2002669655;22349612931;2.65782E+14
A;1686;TRUE;53;Ciprofloxacin;18875240.88;169393.19;12099.51;31289341606;9969999027;4924501946;2.23599E+11;15777765450;5206420608;2.8325E+11;1038743224;19032534550;7.20163E+13
B;1687;TRUE;53;Ciprofloxacin;25526347.23;188287.07;13449.08;32439172559;11696661847;4596894354;2.25138E+11;17120674406;4582100369;2.71268E+11;2118229551;18546276517;6.98276E+13
C;1688;TRUE;53;Ciprofloxacin;53177513.36;254003.82;18143.13;46482698473;10882249237;5481039504;2.73417E+11;16361474427;5882002672;2.55818E+11;1734664637;24547654580;3.85904E+13
D;1689;TRUE;53;Ciprofloxacin;15540667.2;119216.08;8515.43;27283450804;16443303215;12117462701;2.13567E+11;19304489068;4985786656;3.2018E+11;1158950579;17558825080;9.63096E+13
E;1690;TRUE;53;Ciprofloxacin;60607826.02;207713.48;14836.68;42818650157;14881187147;4623108589;2.98217E+11;20430104389;5863454796;2.72698E+11;380857501.6;24643720690;4.95842E+13
A;1691;TRUE;53;Tetracyclin;883914917.9;251827.61;17987.69;34734222761;32791552.61;5027558.4;2.86724E+11;4919632.28;17111686231;6.24532E+11;402024794.8;515527097;1.03213E+14
B;1692;TRUE;53;Tetracyclin;811825194.4;147738.89;10552.78;24851791667;61607116.67;8278654.17;1.84252E+11;10352275000;29336722222;5.7692E+11;1343368611;694372777.8;1.20302E+14
C;1693;TRUE;53;Tetracyclin;1163992077;220423.23;15744.52;46147176774;143700198.7;23317628.39;2.30657E+11;393455.46;17067055484;6.38755E+11;136882823.2;1026070116;1.20146E+14
D;1694;TRUE;53;Tetracyclin;1518111680;120965.07;8640.36;25696437891;106276458;12951903.29;1.38678E+11;195704.21;19026078089;9.10694E+11;207973523.9;1932849077;5.35962E+13
E;1695;TRUE;53;Tetracyclin;380721788.2;125414.24;8958.16;18767344618;14897419.62;2679385.57;1.37329E+11;195825.37;8164466771;4.9467E+11;25969705.03;263549059;6.79387E+13
A;1696;TRUE;53;Vancomycin;8101121.46;143400.81;10242.91;3064680.16;147190688.3;104170445.3;2.6058E+11;11123805668;165627935.2;3.88104E+11;24511295547;216432793.5;7.37183E+13
B;1697;TRUE;53;Vancomycin;8812097.28;252134.4;18009.6;1928828.16;73875379.2;27788812.8;2.0675E+11;6778813440;149119488;3.31377E+11;2730255360;231423360;4.61406E+13
C;1698;TRUE;53;Vancomycin;1565351.1;147475.88;10533.99;1816060.09;82028189.69;27925610.75;1.31254E+11;135677807;369743092.1;47034270833;1915079605;100083450.7;3.00535E+13
D;1699;TRUE;53;Vancomycin;4743835.02;146156.89;10439.78;3329245.13;82108852.22;65801919.33;2.31554E+11;8823700178;311418571.1;1.9251E+11;23437301111;235208193.3;3.52656E+13
E;1700;TRUE;53;Vancomycin;11009533.02;173730.23;12409.3;2674204.65;231309395.4;49724074.42;2.49675E+11;5492357209;233543069.8;1.94578E+11;2798297674;160452279.1;1.44692E+13
A;1681;FALSE;58;water;60967561.8;263928.84;18852.06;47639155431;11115174532;3989095880;2.72224E+11;12291543071;6287161985;3.62902E+11;2567650562;21453644195;7.98196E+13
C;1683;FALSE;58;water;78345550.32;386346.5;27596.18;44788597452;7878708917;6435428790;2.66027E+11;11027432866;4360196178;3.19012E+11;3998686242;16786755287;3.83311E+13
D;1684;FALSE;58;water;69538143.12;209092.35;14935.17;33275554740;7920119694;6483356514;2.65398E+11;12875608502;4623928073;3.00197E+11;2453848135;17429341284;7.69012E+13
E;1685;FALSE;58;water;58264113.97;255304.41;18236.03;47067191912;10241354118;7418416765;1.90567E+11;11588996691;4697601176;4.23988E+11;2315975735;16890210441;8.36304E+13
A;1686;FALSE;58;Ciprofloxacin;74209488.34;238178.09;17012.72;39792754064;9095000565;4787379647;3.28175E+11;13424738021;6031009541;3.43997E+11;703816261.5;16908943251;7.87859E+13
B;1687;FALSE;58;Ciprofloxacin;82381952.84;210234.66;15016.76;38668160511;10348050256;5281394972;2.1534E+11;17314325852;5770941392;3.35775E+11;2308076222;19041253409;7.55193E+13
C;1688;FALSE;58;Ciprofloxacin;43071352.03;258908.94;18493.5;42017222764;8357210813;3191977398;2.31539E+11;19972975610;3402803252;3.08102E+11;1186542699;10999931382;5.58873E+13
D;1689;FALSE;58;Ciprofloxacin;97589496.75;152177.87;10869.85;34566117137;13978624729;5728409978;3.27074E+11;29337720174;8764358568;5.36536E+11;1095680694;24739774403;1.2196E+14
E;1690;FALSE;58;Ciprofloxacin;110979608.6;209001.15;14928.65;43457309742;20437326361;13110343324;2.58714E+11;28394298567;7962943668;6.10433E+11;409642246.4;30454452722;1.46047E+14
A;1691;FALSE;58;Tetracyclin;285750122.5;171842.86;12274.49;38222761224;2299011939;2366521633;2.01793E+11;5194564082;16460090816;2.88082E+11;1936914490;52903051020;5.75551E+13
B;1692;FALSE;58;Tetracyclin;112303121.6;294042.21;21003.02;31273489447;6254697889;4897903116;1.7254E+11;15042359397;10774546734;2.83331E+11;1331801186;28984160804;4.08089E+13
C;1693;FALSE;58;Tetracyclin;214833853.4;452894.74;32349.62;82329793233;8993195489;7207496241;3.60698E+11;6343761278;21787471805;5.98468E+11;4079287594;53635676692;5.54149E+13
D;1694;FALSE;58;Tetracyclin;283143060.8;332271.82;23733.7;55157122652;1505428696;3204049724;1.69364E+11;7889082431;17354082652;3.16608E+11;1018887812;54682448619;5.66286E+13
E;1695;FALSE;58;Tetracyclin;243440459.5;257026.13;18359.01;52323175676;1610452270;2575768964;1.57686E+11;10853846126;14029954685;2.91174E+11;1642580536;41436283333;2.77955E+13
A;1696;FALSE;58;Vancomycin;405874.44;227289.69;16234.98;129879.82;11560927534;319991.41;2.97912E+11;25813614350;22306859193;2.49532E+11;4450007354;29791183857;4.85588E+13
B;1697;FALSE;58;Vancomycin;448277.29;245247.44;17517.67;140141.4;8504830930;177278.87;2.00928E+11;13118986372;13238106558;1.70745E+11;1853369953;25768499070;2.32635E+13
C;1698;FALSE;58;Vancomycin;461141.03;258238.97;18445.64;147565.13;12926705231;315420.46;2.89965E+11;27225766154;12401004462;2.10465E+11;3021396000;24034670256;3.47516E+13
D;1699;FALSE;58;Vancomycin;1108572.58;155045.12;11074.65;88597.21;10863125326;220164.07;2.49623E+11;14939704419;18882280233;2.0621E+11;2868334651;41851106744;3.51177E+13
E;1700;FALSE;58;Vancomycin;345687.13;193584.8;13827.49;110619.88;5273802924;327849.68;76548959064;12671507602;15002821637;27876210526;1279872047;22967453216;2.17368E+13
A;1681;TRUE;63;water;221702842.7;299887.9;21420.56;42841129032;25661836290;21283472903;1.33E+11;26497238306;21934658065;5.12594E+11;67710404435;1.22633E+11;1.75799E+14
C;1683;TRUE;63;water;42145632.51;181886.21;12991.87;51642690887;12392946626;5768391133;85070777340;11037894384;3084270394;3.50651E+11;1756501084;16538652956;7.52359E+13
D;1684;TRUE;63;water;67039909.44;168381.55;12027.25;31511403433;22057982403;17559789700;81304231760;16765990987;3999061695;4.40558E+11;1137417337;21961764378;4.49218E+13
E;1685;TRUE;63;water;55917526.82;274201.53;19585.82;60755225287;14695243563;6668972989;1.22607E+11;15110463027;4473402146;4.63009E+11;2068262989;21799021839;8.49437E+13
A;1686;TRUE;63;Ciprofloxacin;112511094.6;255748.55;18267.75;44902138406;10390698261;6678690725;81675126449;16157828080;8067040000;3.79604E+11;776927561.6;32041639855;3.41607E+13
B;1687;TRUE;63;Ciprofloxacin;65883832.84;231171.34;16512.24;55382048955;15133466866;13822395104;1.10814E+11;20458663881;5392897194;3.87707E+11;2496650507;26733314627;8.19337E+13
C;1688;TRUE;63;Ciprofloxacin;252720248.8;197768.78;14126.34;44455596585;25272024878;21161259512;1.28917E+11;31671257561;15920386829;5.4895E+11;3617756049;82441328780;1.10341E+14
D;1689;TRUE;63;Ciprofloxacin;112030126.2;417911.48;29850.82;1.42627E+11;29880670492;37791137705;1.71612E+11;46835936066;8579125574;8.53733E+11;586270098.4;42507567213;2.28389E+14
E;1690;TRUE;63;Ciprofloxacin;136508991.6;204267.41;14590.53;62914362117;15422189415;6101759331;1.16301E+11;21200038997;7468891922;3.58927E+11;597336267.4;27225927577;7.01659E+13
A;1691;TRUE;63;Tetracyclin;279661534.1;282282.73;20163.05;51516598394;18251594859;4185849639;1.71951E+11;24094847390;12196630281;4.30884E+11;1207766827;44177247390;7.99667E+13
B;1692;TRUE;63;Tetracyclin;164375959.8;300818.75;21487.05;81887161161;41212168750;15522247500;1.3178E+11;37881675446;16491313616;6.82429E+11;1790945915;51783799107;1.13043E+14
C;1693;TRUE;63;Tetracyclin;86512486.24;317061.47;22647.25;40153570183;14908683165;11185475642;1.32192E+11;18654537936;9964788991;4.92804E+11;1472750518;30845551376;1.02275E+14
D;1694;TRUE;63;Tetracyclin;71407784.73;300935.88;21495.42;88604120611;37702966412;25923476336;1.67213E+11;42668408397;6895730687;7.84368E+11;976966832.1;25815999237;1.96124E+14
E;1695;TRUE;63;Tetracyclin;142730733.1;306571.07;21897.93;62409111570;25357807438;16055565124;1.28125E+11;31051270248;11487656116;5.79419E+11;640514566.1;33591430579;1.24205E+14
A;1696;TRUE;63;Vancomycin;682289.95;246568.38;17612.03;789723.31;29288801718;6586898282;1.273E+11;19249946048;7419947182;3.88521E+11;2074696838;24762510653;2.64357E+13
B;1697;TRUE;63;Vancomycin;331377.34;163010.64;11643.62;93148.94;38959542553;4134648404;1.13025E+11;20318111702;13553170213;4.39314E+11;21598909574;58718760638;8.04923E+13
C;1698;TRUE;63;Vancomycin;424654.88;237806.73;16986.2;135889.56;33938418182;6755409865;1.32136E+11;25649154882;8014086936;3.59937E+11;2515655522;26719285185;3.74206E+13
D;1699;TRUE;63;Vancomycin;1112386.22;252446.22;18031.87;144254.98;16071807968;2252180876;80836884462;11080585657;7203733068;2.01777E+11;1623229163;36785019920;3.57031E+13
E;1700;TRUE;63;Vancomycin;405513.95;206744.19;14767.44;118139.53;17012093023;2105837209;92060232558;12020697674;4229395349;1.68497E+11;750186046.5;25651046512;3.29905E+13
A;1681;TRUE;67;water;105075238.2;165845.92;11846.14;40241328541;12035675536;6082991524;1.06094E+11;14926133047;5196900451;3.99333E+11;2184427725;23253967597;6.89445E+13
C;1683;TRUE;67;water;82876665.12;198235.66;14159.69;47831432558;15887172093;7864291783;1.01313E+11;16510198450;4984210853;4.4957E+11;2126785426;25161768992;9.06928E+13
D;1684;TRUE;67;water;81034895.45;177125.45;12651.82;57793505455;21115884545;14587546364;1.04846E+11;19230763636;4161183000;4.92662E+11;1422064364;27163453636;1.18117E+14
E;1685;TRUE;67;water;104141389.2;217187.46;15513.39;82748423932;28420531054;32128231339;1.3793E+11;33260708832;7859083533;8.09644E+11;3533950313;35634257550;2.26806E+14
A;1686;TRUE;67;Ciprofloxacin;34907933.77;202197.38;14442.67;59099406283;13862074817;13407130707;1.45293E+11;31427250262;2666116911;4.20859E+11;782215015.7;12832312435;1.0988E+14
B;1687;TRUE;67;Ciprofloxacin;137883016.4;156685.25;11191.8;29591127869;18869380328;5694389508;1.25908E+11;26524573770;10537082787;4.08389E+11;40928424590;57939965574;1.22326E+14
C;1688;TRUE;67;Ciprofloxacin;54510769.23;147897.44;10564.1;36889846154;12529025641;5068656410;1.16416E+11;19004820513;3649897436;3.04669E+11;1845548718;18360410256;7.34099E+13
D;1689;TRUE;67;Ciprofloxacin;43967368.42;181042.11;12931.58;49631400000;13914378947;11070724737;91503852632;19707726316;3402298421;3.18246E+11;1441871053;13888515789;1.46385E+13
E;1690;TRUE;67;Ciprofloxacin;84958955.47;194764.27;13911.73;48329361600;12979647200;4990138747;1.2867E+11;18586075733;3608703627;3.17188E+11;1376287779;17250549333;6.79727E+13
A;1691;TRUE;67;Tetracyclin;383349452.6;280255.47;20018.25;38134762774;41277627.74;1297582.85;1.05436E+11;40036.5;16422970803;7.0204E+11;175880328.5;507262408.8;5.21876E+13
B;1692;TRUE;67;Tetracyclin;390426144.6;393518.07;28108.43;33027409639;99194662.65;3122846.99;1.41891E+11;11170291566;22267501205;6.21477E+11;769608915.7;905091566.3;9.81547E+13
C;1693;TRUE;67;Tetracyclin;542013207.6;210490.57;15035.04;44308264151;153958814;8691756.87;1.33286E+11;10492954717;22793121294;7.39574E+11;138878668.5;837602102.4;1.31241E+14
D;1694;TRUE;67;Tetracyclin;303151248.1;191348.85;13667.77;27841257545;25832094.63;1239257.15;91724437596;1574527.67;11687314348;4.59374E+11;22606499.74;346068061.4;7.07307E+13
E;1695;TRUE;67;Tetracyclin;366437427.5;154801.57;11057.25;29998332549;27090274.51;655474.07;1.05862E+11;71684183.53;13047560784;6.02399E+11;23441380.39;328289898;9.31574E+13
A;1696;TRUE;67;Vancomycin;2168304.24;131811.81;9415.13;75321.03;65265675.28;77128738.01;96693376384;11081607011;181241236.2;2.29353E+11;11655929889;380747822.9;3.39698E+13
B;1697;TRUE;67;Vancomycin;1206121.33;221713.48;15836.68;126693.42;116288720.1;76697027.27;1.14483E+11;14626754984;235174655.2;5.45257E+11;2337493542;384672887.2;6.94913E+13
C;1698;TRUE;67;Vancomycin;483921.64;259276.81;18519.77;148158.17;195568790.9;133286798.1;1.37232E+11;12817534106;391693174.9;4.31325E+11;2496465247;336689452.5;7.00973E+13
D;1699;TRUE;67;Vancomycin;1786212.69;182133.85;13009.56;104076.49;169644671.8;101435545;1.23773E+11;13438876227;310017832;3.76627E+11;3944498811;563704266.2;5.64355E+13
E;1700;TRUE;67;Vancomycin;1565650.97;250934.33;17923.88;143391.04;172176797;110626191;1.07884E+11;13399893134;824856985.1;4.04363E+11;3005834776;347185567.2;3.93608E+13
A;1681;FALSE;72;water;42676094.69;214992.92;15356.64;25015961947;14697837434;3932834779;1.56791E+11;18857950442;5520711062;4.11097E+11;5618993540;24202060177;4.32136E+13
C;1683;FALSE;72;water;65901029.81;209685.09;14977.51;52975441463;14574611843;6670981518;1.41582E+11;16490234959;5167239837;5.21816E+11;3380423279;24982481301;5.27058E+13
D;1684;FALSE;72;water;98935573.58;313441.51;22388.68;61367369811;14395920755;6571077358;1.464E+11;16621355472;7157660755;4.63893E+11;2525443019;30672490566;3.94265E+13
E;1685;FALSE;72;water;88135005.06;132704.89;9478.92;27687927487;16730295110;4504383137;1.49767E+11;21346529511;6636192411;5.8703E+11;3566917875;30332546374;9.27323E+13
A;1686;FALSE;72;Ciprofloxacin;93546188.34;301345.29;21524.66;43049327354;11339192825;4599820628;1.10658E+11;20521614350;5710493274;4.15641E+11;2712107623;16978654709;5.58135E+13
B;1687;FALSE;72;Ciprofloxacin;108653992.5;496947.37;35496.24;77665774436;20768850376;7184439098;1.98495E+11;31879173684;7262530827;5.63325E+11;3188272331;25188132331;8.93795E+13
C;1688;FALSE;72;Ciprofloxacin;82753582.52;320572.82;22898.06;50558912621;11861194175;7918148544;1.25413E+11;22167610194;4597930097;4.36666E+11;717167184.5;17901701942;5.42684E+13
D;1689;FALSE;72;Ciprofloxacin;75678900;156200;11157.14;52393942857;11115861429;5531711429;1.42588E+11;13611714286;3617145714;3.44309E+11;4188391429;16958857143;8.94022E+13
E;1690;FALSE;72;Ciprofloxacin;174987538.5;253605.13;18114.65;66643804762;13883069304;12287168462;2.41468E+11;26266245421;3392874322;5.36013E+11;3490693443;14511647729;1.30715E+14
A;1691;FALSE;72;Tetracyclin;194304351.8;162597.78;11614.13;20185353463;5027755762;3205499169;1.07338E+11;5014980222;6138066343;1.92678E+11;2048732078;16433990305;4.60849E+13
B;1692;FALSE;72;Tetracyclin;630965429;234372.94;16740.92;47544224422;9395006601;2442500825;1.43202E+11;25613613861;22851361386;3.19417E+11;19034430693;73760511551;7.39279E+13
C;1693;FALSE;72;Tetracyclin;272343170.5;232063.57;16575.97;41439922481;3729593023;2410145891;1.32326E+11;6497779845;11301495659;3.04666E+11;7996247442;27615564341;6.33534E+13
D;1694;FALSE;72;Tetracyclin;183287713;191066.86;13647.63;44873417751;2535730237;1682753166;1.49032E+11;7691806036;9077040799;3.22767E+11;7136347367;23528519527;5.41675E+13
E;1695;FALSE;72;Tetracyclin;1863877991;308479.63;22034.26;20734237963;5808230741;3172933333;1.13631E+11;8146065648;17691306759;3.85379E+11;2613263148;68504512037;6.89452E+13
A;1696;FALSE;72;Vancomycin;439948.3;195968.06;13997.72;111981.75;10942016654;451426.43;1.54955E+11;13913732319;5751662586;1.63913E+11;3220875057;17469152852;3.44764E+13
B;1697;FALSE;72;Vancomycin;369763.99;207067.83;14790.56;118324.48;12382656364;166837.51;1.49828E+11;15825898601;7447046678;2.23781E+11;5229941818;22599974825;4.03191E+13
C;1698;FALSE;72;Vancomycin;256583.89;143686.98;10263.36;82106.84;8981462318;128805.11;1.15873E+11;13896583223;4018103642;1.52103E+11;1768376137;6786130596;2.39649E+13
D;1699;FALSE;72;Vancomycin;556745.05;311777.23;22269.8;178158.42;8941325495;675220.4;1.85886E+11;30865945545;15564364604;4.01079E+11;4048650000;33716480198;6.66312E+13
E;1700;FALSE;72;Vancomycin;396297.25;221926.46;15851.89;5844591.86;5673391443;4308543.71;1.95295E+11;22953536770;12925631134;2.5585E+11;3788601718;28802884192;5.41342E+13
A;1681;FALSE;79;water;51371411.91;165029.78;11787.84;50829171216;12436172457;5772505831;1.73871E+11;16550129032;2048726799;4.767E+11;4387434491;11418881762;9.73086E+13
C;1683;FALSE;79;water;72040131.21;131855.38;9418.24;44859085495;9889153846;5160254659;1.53517E+11;11396072527;2494892242;3.43766E+11;4169455626;17338983077;7.96972E+13
D;1684;FALSE;79;water;47660046.09;297609.57;21257.83;43259676087;12882242609;5677965348;1.71891E+11;14064177739;1961247035;4.01135E+11;3084510565;11985162348;7.51464E+13
E;1685;FALSE;79;water;94122776.79;252195;18013.93;44872696071;7054254429;3462277071;1.63602E+11;12642175071;3157841679;4.24768E+11;1578380421;17066395929;7.73518E+13
A;1686;FALSE;79;Ciprofloxacin;173453495.9;122334.96;8738.21;24030081301;10162539837;6121117073;1.28015E+11;14601551220;3566064065;4.2092E+11;4678438374;15230702439;6.87435E+13
B;1687;FALSE;79;Ciprofloxacin;144793743.6;165343.59;11810.26;39044707692;7967198974;3730860000;1.2011E+11;11262260513;3096649231;2.63959E+11;4607181026;13959723077;4.78197E+13
C;1688;FALSE;79;Ciprofloxacin;202534420.3;177661.77;12690.13;46877327595;11398271696;3933939241;1.50632E+11;14327152911;4204238937;3.47075E+11;3545621367;22563045063;6.22958E+13
D;1689;FALSE;79;Ciprofloxacin;151009916.1;177509.56;12679.25;45049389744;10852173566;5987143776;1.48854E+11;12920159907;3926764988;3.49313E+11;6274962844;18879409324;6.8113E+13
E;1690;FALSE;79;Ciprofloxacin;246489556.1;306198.21;21871.3;45973473543;9813652511;6034291794;1.85819E+11;16773100314;3383490179;3.76186E+11;2377410359;14139795740;6.86321E+13
A;1691;FALSE;79;Tetracyclin;150711577.6;244123.81;17437.41;31491971429;11318626054;4538959116;1.72282E+11;11442431701;4460490748;3.57641E+11;1248693286;15268200544;6.28096E+13
B;1692;FALSE;79;Tetracyclin;86536251.61;159178.49;11369.89;40533666667;15713191398;4492244516;1.70094E+11;13905378495;4676436774;3.46213E+11;4364901720;18351006452;6.33985E+13
C;1693;FALSE;79;Tetracyclin;355578547.3;150168.92;10726.35;48633277027;21624324324;3895810811;2.13347E+11;18856925676;7749788851;4.57372E+11;933299831.1;32779729730;6.50231E+13
D;1694;FALSE;79;Tetracyclin;98900232.56;141286.05;10091.86;30537969767;13593736047;4326380581;1.71057E+11;12826754651;5448595465;3.04774E+11;3297010814;22091082558;6.25998E+13
E;1695;FALSE;79;Tetracyclin;129048562.9;199986.7;14284.76;41311539058;26012556233;5026808643;1.93273E+11;17698823269;4919672909;2.90266E+11;714381074.8;19384425485;7.12953E+13
A;1696;FALSE;79;Vancomycin;488812.07;147550;10539.29;115089;15461132143;5173735357;1.9034E+11;12668221429;2903573214;2.76129E+11;4266302857;13996171429;6.04744E+13
B;1697;FALSE;79;Vancomycin;237362.93;125636.33;8974.02;233504.1;8535194007;1898006027;1.78493E+11;12913620204;6164256927;2.58452E+11;8105338268;38346003565;4.93571E+13
C;1698;FALSE;79;Vancomycin;346043.26;193784.22;13841.73;110733.84;14340032570;8385320204;2.20499E+11;25330366412;1918463817;3.39538E+11;1796656590;9303026921;6.79767E+13
D;1699;FALSE;79;Vancomycin;311450.32;128926.8;9209.06;330236.79;5788813420;2967158262;1.68894E+11;12211209982;1336234214;2.00113E+11;2227670961;5584372348;4.02896E+13
E;1700;FALSE;79;Vancomycin;314134.62;175915.38;12565.38;100523.08;12804126923;3094854231;2.06072E+11;12555332308;961503230.8;2.33591E+11;220899461.5;4666783846;3.97192E+13
